ComPound No,Gene No,Compounds Name,Identification method,TPS original information,RT,Formula,Speices,Resource,Main or By Product,Link
LL01,LT01,(E)-β-Ocimene,Standard,Ama_C10-TPS06_(E)-β-Ocimene_4.675min_Standard,4.675,C10H16,Antirrhinum majus L.,Plant,Main,"<a href=""https://www.uniprot.org/uniprotkb/Q84NC8/entry"" target=""_blank"">Q84NC8</a>"
LL02,LT02,(3S)-Linalool,Others,Ath_C10-TPS07_(3S)-Linalool_5.375min,5.375,C10H18O,Arabidopsis thaliana,Plant,Main,"<a href=""https://www.uniprot.org/uniprotkb/Q84UV0/entry"" target=""_blank"">Q84UV0</a>"
LL03,LT03,(-)-(3R)-Linalool,Standard,Aan_C10-TPS08_(-)-(3R)-Linalool_5.37min_Standard,5.37,C10H18O,Artemisia annua,Plant,Main,"<a href=""https://www.uniprot.org/uniprotkb/Q9SPN1/entry"" target=""_blank"">Q9SPN1</a>"
LL04,LT04,"1,8-Cineole",Others,"Cuu_C10-TPS11_1,8-Cineole_4.6min_NIST",4.6,C10H18O,Citrus unshiu,Plant,Main,"<a href=""https://www.uniprot.org/uniprotkb/Q5CD82/entry"" target=""_blank"">Q5CD82</a>"
LL05,LT05,Sabinene,Standard,Spo_C10_TPS16_Sabinene_3.870min_others,3.87,C10H18O,Salvia pomifera,Plant,Main,"<a href=""https://www.uniprot.org/uniprotkb/A6XH06/entry"" target=""_blank"">A6XH06</a>"
LL06,LT06,α-Terpinol,Standard,C10_TPS13_α-terpinol_6.750min_standard,6.75,C10H18O,Magnolia grandiflora,Plant,Main,
LL07,LT07,γ-Terpinene,Standard,Cli_C10-TPS21_γ-terpinene_4.865min_standard,4.865,C10H16,Citrus limon,Plant,Main,"<a href=""https://www.uniprot.org/uniprotkb/Q8L5K4/entry"" target=""_blank"">Q8L5K4</a>"
LL08,LT08,Boreneol,Standard,Wvi_C10-TPS27_boreneol_6.460min_Standard,6.46,C10H18O,Wurfbainia villosa,Plant,Main,"<a href=""https://www.ncbi.nlm.nih.gov/protein/AWW87313.1"" target=""_blank"">AWW87313.1</a>"
LL09,LT09,Geraniol,Standard,Geraniol_7.405min_Standard,7.405,C10H18O,Cinnamomum tenuipile,Plant,Main,"<a href=""https://www.uniprot.org/uniprotkb/Q8GUE4/entry"" target=""_blank"">Q8GUE4</a>"
LL10,LT10,(+)-Aristolochene,Standard,Agr_C15-TPS02_(+)-Aristolochene_10.710min_standard,10.71,C15H24,Penicillium roqueforti,Plant,Main,"<a href=""https://www.uniprot.org/uniprotkb/Q03471/entry"" target=""_blank"">Q03471</a>"
LL11,LT11,(-)-α-Amorphene,NMR,Svi_C15-TPS03_(-)-α-Amorphene_10.6min_NMR,10.6,C15H24,Streptomyces viridochromogenes,Bacterial,Main,"<a href=""https://www.uniprot.org/uniprotkb/D9XDR8/entry"" target=""_blank"">D9XDR8</a>"
LL12,LT12,(-)-β-Barbatene,NMR,Ddi_C15-TPS06_(-)-β-Barbatene_10.325min_NMR,10.325,C15H24,Dictyostelium discoideum,Fungi,Main,"<a href=""https://www.uniprot.org/uniprotkb/Q54YE2/entry"" target=""_blank"">Q54YE2</a>"
LL13,LT13,(+)-α-Barbatene,Standard,Ath_C15-TPS07_(+)-α-Barbatene_9.885min_Standard,9.885,C15H24,Arabidopsis thaliana,Plant,Main,"<a href=""https://www.uniprot.org/uniprotkb/Q4KSH9/entry"" target=""_blank"">Q4KSH9</a>"
LL14,LT13,(+)-Thujopsene,Standard,Ath_C15-TPS07_(+)-Thujopsene_10.115min_Standard,10.115,C15H24,Arabidopsis thaliana,Plant,By,"<a href=""https://www.uniprot.org/uniprotkb/Q4KSH9/entry"" target=""_blank"">Q4KSH9</a>"
LL15,LT13,(+)-β-Chamigrene,Standard,Ath_C15-TPS07_(+)-β-Chamigrene_10.705min_Standard,10.705,C15H24,Arabidopsis thaliana,Plant,By,"<a href=""https://www.uniprot.org/uniprotkb/Q4KSH9/entry"" target=""_blank"">Q4KSH9</a>"
LL16,LT14,Bicyclogermacrene,Standard,Ldu_C15-TPS08_Bicyclogermacrene_10.825min_Standard,10.825,C15H24,Lippia dulcis,Plant,Main,"<a href=""https://www.uniprot.org/uniprotkb/J7LMP2/entry"" target=""_blank"">J7LMP2</a>"
LL17,LT15,(E)-α-Bisabolene,Standard,Agr_C15-TPS10_(E)-α-Bisabolene_11.28min_Standard,11.28,C15H24,Abies grandis,Plant,Main,"<a href=""https://www.uniprot.org/uniprotkb/O81086/entry"" target=""_blank"">O81086</a>"
LL18,LT16,(+)-epi-α-Bisabolol,NMR,Ldu_C15-TPS11_(+)-epi-alpha-bisabolol_13.04min_Standard,13.04,C15H26O,Lippia dulcis,Plant,Main,"<a href=""https://www.uniprot.org/uniprotkb/J7LH11/entry"" target=""_blank"">J7LH11</a>"
LL19,LT17,(E)-α-Bergamotene,Others,Lan_C15-TPS12_(E)-a-Bergamotene_9.975min_NIST,9.975,C15H24,Lavandula angustifolia,Plant,Main,"<a href=""https://www.uniprot.org/uniprotkb/Q2XSC4/entry"" target=""_blank"">Q2XSC4</a>"
LL20,LT18,(-)-β-trans-Bergamotene,NMR,Afu_C15-TPS13_(-)-β-trans-Bergamotene_10.645min_NMR,10.645,C15H24,Aspergillus fumigatus,Fungi,Main,"<a href=""https://www.uniprot.org/uniprotkb/M4VQY9/entry"" target=""_blank"">M4VQY9</a>"
LL21,LT19,τ-Cadinol,NMR,Zma_C15-TPS14_Tau-cadinol_12.555min_NMR,12.555,C15H26O,Zea mays,Plant,Main,"<a href=""https://www.uniprot.org/uniprotkb/Q5GJ59/entry"" target=""_blank"">Q5GJ59</a>"
LL22,LT20,(-)-8-epi-Cedrol,NMR,Aan_C15-TPS16_(-)-8-epi-Cedrol _12.45min_NMR,12.45,C15H26O,Artemisia annua ,Plant,Main,"<a href=""https://www.uniprot.org/uniprotkb/Q9LLR9/entry"" target=""_blank"">Q9LLR9</a>"
LL23,LT21,γ-Curcumene,Others,Pca_C15-TPS17_γ-Curcumene_10.51min,10.51,C15H22,Pogostemon cablin,Plant,Main,"<a href=""https://www.uniprot.org/uniprotkb/Q49SP7/entry"" target=""_blank"">Q49SP7</a>"
LL24,LT22,4-epi-Cubebol,NMR,Sro_C15-TPS19_4-epi-cubebol_10.81min_NMR,10.81,C15H26O,Streptosporangium roseum (strain ATCC 12428 / DSM 43021 / JCM 3005 / NI 9100),Fungi,Main,"<a href=""https://www.uniprot.org/uniprotkb/D2B747/entry"" target=""_blank"">D2B747</a>"
LL25,LT23,10-epi-Cubebol,NMR,Sce_C15-TPS20_10-epi-cubebol_11.245min_NMR,11.245,C15H26O,Sorangium cellulosum Soce56 ,Bacterial,Main,"<a href=""https://www.uniprot.org/uniprotkb/A9GK58/entry"" target=""_blank"">A9GK58</a>"
LL26,LT24,(+)-Caryolan-1-ol,NMR,Sgr_C15-TPS21_(+)-Caryolan-1-ol_11.845min_NMR,11.845,C15H26O,Streptomyces griseus,Bacterial,Main,"<a href=""https://www.uniprot.org/uniprotkb/B1W019/entry"" target=""_blank"">B1W019</a>"
LL27,LT25,(+)-Corvol ether B,NMR,Kse_C15-TPS22_(+)-corvol ether B_9.865min_NMR,9.865,C15H26O,Kitasatospora setae ,Bacterial,Main,"<a href=""https://www.uniprot.org/uniprotkb/E4N7E5/entry"" target=""_blank"">E4N7E5</a>"
LL28,LT25,(+)-Corvol ether A,NMR,Kse_C15-TPS22_(+)-corvol ether A_10.730min_NMR,10.73, C15H26O,Kitasatospora setae ,Bacterial,By,"<a href=""https://www.uniprot.org/uniprotkb/E4N7E5/entry"" target=""_blank"">E4N7E5</a>"
LL29,LT26,(+)-δ-Cadinene ,NMR,Gna_C15-TPS23_(+)-δ-Cadinene_11.075min_NMR,11.075,C15H24,Gossypium nanking,Plant,Main,"<a href=""https://www.uniprot.org/uniprotkb/Q39761/entry"" target=""_blank"">Q39761</a>"
LL30,LT27,"(5S,7S,10R,11S)-Cucumene",NMR,"Scl_C15-TPS26_(5S,7S,10R,11S)-cucumene_7.650min_NMR",7.65,C15H24,Streptomyces clavuligerus,Bacterial,Main,"<a href=""https://www.uniprot.org/uniprotkb/D5SLU6/entry"" target=""_blank"">D5SLU6</a>"
LL31,LT28,"(1S,6S,7R)-(?)-γ-cadinene",NMR,"Cpi_C15-TPS27_(1S,6S,7R)-(?)-γ-cadinene_11.025min_NMR",11.025,C15H24,Chitinophaga pinensis ,Bacterial,Main,"<a href=""https://www.uniprot.org/uniprotkb/C7PLV2/entry"" target=""_blank"">C7PLV2</a>"
LL32,LT29,phy_C15-TpS29_(-)-Drimenol,Standard,Phy_C15-TPS29_(-)-drimenol_14.085min_Standard,14.085,C15H26O,Persicaria hydropiper,Plant,Main,"<a href=""https://www.uniprot.org/uniprotkb/W0FFD7/entry"" target=""_blank"">W0FFD7</a>"
LL33,LT30,"Dauca-4,7-diene",NMR,"Ama_C15-TPS30_dauca-4,7-diene_11.585min_NMR",11.585,C15H24,Aspergillus aculeatus,Fungi,Main,"<a href=""https://www.uniprot.org/uniprotkb/A0A1L9WUI2/entry"" target=""_blank"">A0A1L9WUI2</a>"
LL34,LT31,β-Eudesmol,Standard,Zze_C15-TPS31_β-Eudesmol_12.77min_Standard,12.77,C15H26O,Zingiber zerumbet,Plant,Main,"<a href=""https://www.uniprot.org/uniprotkb/B1B1U4/entry"" target=""_blank"">B1B1U4</a>"
LL35,LT32,(+)-Eremophilene,NMR,Gfu_C15-TPS32_(+)-Eremophilene_10.740min_NMR,10.74,C15H24,Gibberella fujikuroi,Fungi,Main,"<a href=""https://www.uniprot.org/uniprotkb/S0DX56/entry"" target=""_blank"">S0DX56</a>"
LL36,LT33,(-)-5-epi-Eremophilene,NMR,Smi_C15-TPS33_(-)-5-Epieremophilene_10.74min_NMR,10.74,C15H24,Salvia miltiorrhiza,Plant,Main,"<a href=""https://www.uniprot.org/uniprotkb/A0A1W6GW06/entry"" target=""_blank"">A0A1W6GW06</a>"
LL37,LT34,α-Gurjunene,Standard,Mpo_C15-TPS35_α-gurjunene_9.725min_Standard,9.725,C15H24,Marchantia polymorpha,Plant,Main,"<a href=""https://www.uniprot.org/uniprotkb/A0A1L5YKS7/entry"" target=""_blank"">A0A1L5YKS7</a>"
LL38,LT34,5-Hydroxy-α-Gurjunene,NMR,Mpo_C15-TPS35_5-Hydroxy-a-Gurjunene_11.720min_NMR,11.72,C15H26O,Marchantia polymorpha,Plant,By,"<a href=""https://www.uniprot.org/uniprotkb/A0A1L5YKS7 /entry"" target=""_blank"">A0A1L5YKS7 </a>"
LL39,LT35,δ-Guaiene,Standard,Asp_C15-TPS36_δ-Guaiene_10.895min__Standard,10.895,C15H24,Aquilaria spp.,Plant,Main,"<a href=""https://www.uniprot.org/uniprotkb/D0VMR7/entry"" target=""_blank"">D0VMR7</a>"
LL40,LT36,"(+)-(1(10)E,4E,6S,7R)-Germacradien-6-ol",NMR,"Spr_C15-TPS41_(+)-(1(10)E,4E,6S,7R)-Germacradien-6-ol_13.225min_NMR",13.225,C15H26O2,Streptomyces pratensis,Bacterial,Main,"<a href=""https://www.uniprot.org/uniprotkb/E8W6C7/entry"" target=""_blank"">E8W6C7</a>"
LL41,LT36,Shyobunol,NMR,Spr_C15-TPS41_Shyobunol_11.115min_NMR,11.115,C15H26O2,Streptomyces pratensis,Bacterial,By,"<a href=""https://www.uniprot.org/uniprotkb/E8W6C7/entry"" target=""_blank"">E8W6C7</a>"
LL42,LT36,"5,10-di-epi-shyobunol",NMR,"Spr_C15-TPS41_5,10-di-epi-shyobunol_11.175min_NMR",11.175,C15H26O2,Streptomyces pratensis,Bacterial,By,"<a href=""https://www.uniprot.org/uniprotkb/E8W6C7/entry"" target=""_blank"">E8W6C7</a>"
LL43,LT37,α-Humulene,Standard,Zze_C15-TPS42_a-Humulene_10.35min_Standard,10.35,C15H24,Zingiber zerumbet,Plant,Main,"<a href=""https://www.uniprot.org/uniprotkb/B1B1U3/entry"" target=""_blank"">B1B1U3</a>"
LL44,LT38,Elemol,Others,"Kse_C15-TPS43_(2Z,6E)-hedycaryol_11.425min",11.425,C15H26O,Kitasatospora setae,Bacterial,Main,"<a href=""https://www.uniprot.org/uniprotkb/E4MYY0/entry"" target=""_blank"">E4MYY0</a>"
LL45,LT39,(+)-Isoafricanol,NMR,Spr_C15-TPS44_(+)-IIsoafricanol_11.300min_NMR,11.3,C15H26O,Streptomyces malaysiensis,Bacterial,Main,"<a href=""https://www.uniprot.org/uniprotkb/A0A291SJC7/entry"" target=""_blank"">A0A291SJC7</a>"
LL46,LT40,"(2Z,4E)-α-Lonylideneethane",NMR,"Bfu_C15-TPS46_(2Z,4E)-α-Ionylideneethane_9.60min_NMR",9.6,C15H24,Botryotinia fuckeliana,Fungi,Main,"<a href=""https://www.uniprot.org/uniprotkb/A0A384JQC9/entry"" target=""_blank"">A0A384JQC9</a>"
LL47,LT41,α-Isocomene,Others,Cre_C15-TPS47_α-Isocomene_9.505min_NIST,9.505,C15H24,Chamomilla recutita,Plant,Main,"<a href=""https://www.uniprot.org/uniprotkb/I6R4V5/entry"" target=""_blank"">I6R4V5</a>"
LL48,LT42, Longiborneol,Others,Fgr_C15-TPS49_Longiborneol_12.2miin_NIST,12.2,C15H26O,Fusarium graminearum,Fungi,Main,"<a href=""https://www.uniprot.org/uniprotkb/I1S104/entry"" target=""_blank"">I1S104</a>"
LL49,LT43,"(1R,6S,7R,10R)-(+)-T-muurolol",NMR,"Rca_C15-TPS50_(1R,6S,7R,10R)-(+)-T-muurolol_12.595min_NMR",12.585,C15H26O,Roseiflexus castenholzii,Bacterial,Main,"<a href=""https://www.uniprot.org/uniprotkb/A7NH01/entry"" target=""_blank"">A7NH01</a>"
LL50,LT44,α-Muurolene,Standard,Cci_C15-TPS51_α-muurolene_10.830min_Standard,10.83,C15H24,Basidiomycete Coprinopsis cinerea,Fungi,By,"<a href=""https://www.uniprot.org/uniprotkb/A8NE23/entry"" target=""_blank"">A8NE23</a>"
LL51,LT45,(S)-β-Macrocarpene,NMR,Zma_C15-TPS53_(S)-β-Macrocarpene_10.920min_NMR,10.92,C15H24,Zea mays,Plant,Main,"<a href=""https://www.uniprot.org/uniprotkb/Q5GJ60/entry"" target=""_blank"">Q5GJ60</a>"
LL52,LT46,(3S)-(E)-Nerolidol,Standard,Sfl_C15-TPS54_(3S)-(E)-Nerolidol_11.485min_Standard,11.485,C15H26O,Antirrhinum majus,Plant,Main,"<a href=""https://www.ncbi.nlm.nih.gov/protein/ABR24417.1"" target=""_blank"">ABR24417.1</a>"
LL53,LT47,"(+)-(2S,3S,9R)-pristinol",NMR,"Spr_C15-TPS56_(+)-(2S,3S,9R)-pristinol_12.57min_NMR",12.57,C15H26O,Streptomyces pristinaespiralis (strain ATCC 25486 / DSM 40338 / CBS 914.69 / JCM 4507 / NBRC 13074 / NRRL 2958 / 5647),Bacterial,Main,"<a href=""https://www.uniprot.org/uniprotkb/B5H7H3/entry"" target=""_blank"">B5H7H3</a>"
LL54,LT48,α-Guaiene,Standard,Pca_C15-TPS58_α-Guaiene_10.035min_Standard,10.035,C15H24,pogostemon cablin ,Plant,By,"<a href=""https://www.uniprot.org/uniprotkb/Q49SP3/entry"" target=""_blank"">Q49SP3</a>"
LL55,LT48,Seychellene,Standard,Pca_C15-TPS58_Seychellene_10.330min_Standard,10.33,C15H26O,pogostemon cablin ,Plant,By,"<a href=""https://www.uniprot.org/uniprotkb/Q49SP3/entry"" target=""_blank"">Q49SP3</a>"
LL56,LT48,(-)-Patchoulol,Standard,Pca_C15-TPS58_(-)-Patchoulol_13.035min_Standard,13.035,C15H26O,pogostemon cablin,Plant,Main,"<a href=""https://www.uniprot.org/uniprotkb/Q49SP3/entry"" target=""_blank"">Q49SP3</a>"
LL57,LT48,β-Patchoulene,Standard,Pca_C15-TPS58_β-patchoulene_9.455min_Standard,9.455,C15H24,pogostemon cablin,Plant,By,"<a href=""https://www.uniprot.org/uniprotkb/Q49SP3/entry"" target=""_blank"">Q49SP3</a>"
LL58,LT48,α-Bulnesene,Standard,Pca_C15-TPS58_α-bulnesene_10.895min_Standard,10.895,C15H24,pogostemon cablin,Plant,By,"<a href=""https://www.uniprot.org/uniprotkb/Q49SP3/entry"" target=""_blank"">Q49SP3</a>"
LL59,LT49,Presilphiperfolan-8-β-ol,NMR,Bfu_C15-TPS60_Presilphiperfolan-8-β-ol_12.085min_NMR,12.085,C15H26O,Botryotinia fuckeliana,Fungi,Main,"<a href=""https://www.uniprot.org/uniprotkb/Q6WP50/entry"" target=""_blank"">Q6WP50</a>"
LL60,LT50,β-Selinene,Standard,Zma_C15-TPS61_β-Selinene_10.775min_Standard,10.775,C15H24,Zea mays,Plant,Main,"<a href=""https://www.uniprot.org/uniprotkb/A0A291LSD6/entry"" target=""_blank"">A0A291LSD6</a>"
LL61,LT50,α-Selinene,Standard,Zma_C15-TPS61_α-Selinene_10.850min__Standard,10.85,C15H24,Zea mays,Plant,By,"<a href=""https://www.uniprot.org/uniprotkb/A0A291LSD6/entry"" target=""_blank"">A0A291LSD6</a>"
LL62,LT51,"(1E,4E)-Germacrene B",Standard,"Pga_C15-TPS62_(1E,4E)-Germacrene B_9.915min_Standard",9.915,C15H24,Abies grandis,Plant,By,"<a href=""https://www.uniprot.org/uniprotkb/O64404/entry"" target=""_blank"">O64404</a>"
LL63,LT51,"Guaia-6,9-diene",Standard,"Pga_C15-TPS62_Guaia-6,9-diene_10.100min_Standard",10.100min,C15H24,Abies grandis,Plant,By,"<a href=""https://www.uniprot.org/uniprotkb/O64404/entry"" target=""_blank"">O64404</a>"
LL64,LT51,δ-Selinene,Standard,Pgr_C15-TPS62_δ-Selinene_10.680min_Standard,10.68,C15H24,Abies grandis,Plant,By,"<a href=""https://www.uniprot.org/uniprotkb/O64404/entry"" target=""_blank"">O64404</a>"
LL65,LT52,β-Sesquiphellandrene,Standard,Sbi_C15-TPS63_β-Sesquiphellandrene_11.1min_Standard,11.1,C15H24,Sorghum bicolor,Plant,Main,"<a href=""https://www.uniprot.org/uniprotkb/C5YHI2/entry"" target=""_blank"">C5YHI2</a>"
LL66,LT53,7-epi-Sesquithujene,Standard,Zma_C15-TPS64_7-epi-sesquithujene_9.36min_Standard,9.36,C15H24,Zea mays,Plant,Main,"<a href=""https://www.uniprot.org/uniprotkb/Q6JD73/entry"" target=""_blank"">Q6JD73</a>"
LL67,LT53,(s)-β-Bisabolene,Standard,Zma_C15-TPS64_(s)-β-Bisabolene_10.89min_Standard,10.89,C15H24,Zea mays,Plant,By,"<a href=""https://www.uniprot.org/uniprotkb/Q6JD73/entry"" target=""_blank"">Q6JD73</a>"
LL68,LT54,"Selina-4(15),7(11)-diene",Others,"Spr_C15-TPS65_Selina-4(15),7(11)-diene_11.350min",11.35,C15H24,Streptomyces pristinaespiralis,Bacterial,Main,"<a href=""https://www.uniprot.org/uniprotkb/B5HDJ6/entry"" target=""_blank"">B5HDJ6</a>"
LL69,LT55,Trichodiene,Standard,Fsp_C15-TPS66_Trichodiene_11.220min_Standard,11.22,C15H24,Fusarium sporotrichioides,Fungi,Main,"<a href=""https://www.uniprot.org/uniprotkb/P13513/entry"" target=""_blank"">P13513</a>"
LL70,LT56,"Valerena-4,7(11)-diene",NMR,"Vof_C15-TPS69_Valerena-4,7(11)-diene_10.230min_NMR",10.23,C15H24,Valeriana officinalis,Plant,Main,"<a href=""https://www.uniprot.org/uniprotkb/J9R5V4/entry"" target=""_blank"">J9R5V4</a>"
LL71,LT57,Zingiberene,Standard,Sbi_C15-TPS70_Zingiberene_10.725min_Standard,10.725,C15H24,Sorghum bicolor,Plant,Main,"<a href=""https://www.uniprot.org/uniprotkb/C5YHH7/entry"" target=""_blank"">C5YHH7</a>"
LL72,LT57,β-Sesquiphellandrene,Standard,Sbi_C15-TPS70_β-sesquiphellandrene_11.105min,11.105,C15H24,Sorghum bicolor,Plant,By,"<a href=""https://www.uniprot.org/uniprotkb/C5YHH7/entry"" target=""_blank"">C5YHH7</a>"
LL73,LT58,(+)-Isozizaene,Standard,Czi_C15-TPS71_(+)-zizaene_10.405min_Standard,10.405,C15H24,Chrysopogon zizanioides,Bacterial,Main,"<a href=""https://www.uniprot.org/uniprotkb/AJQ30127.1/entry"" target=""_blank"">AJQ30127.1</a>"
LL74,LT59,(+)-Valencene,NMR,Egl_EgVS_(+)-Valencene_10.805min_NMR,10.805,C15H24,Eryngium glaciale,Plant,Main,"<a href=""https://doi.org/10.1016/j.ymben.2022.03.005"" target=""_blank"">(Ye, Huang et al. 2022)</a>"
LL75,LT60,(-)-Eremophilene,NMR,Osa_TPS07_(-)-eremophilene_10.74min_ NMR,10.74, C15H24,Ocimum sanctum L.,Plant,Main,"<a href=""https://doi.org/10.1016/j.ymben.2021.11.005"" target=""_blank"">(Deng, Shi et al. 2022)</a>"
LL76,LT61,epi-Isozizaene,NMR,Sco_5222_Epi-Isozizaene_10.25min_NMR,10.25,C15H24,Streptomyces coelicolor (strain ATCC BAA-471 / A3(2) / M145),Bacterial,Main,"<a href=""https://www.uniprot.org/uniprotkb/Q9K499/entry"" target=""_blank"">WP_011030119.1(Q9K499)</a>"
LL77,LT62,α-Farnesene,NMR,Mdo_AFS_α-farnesene_10.79min_NMR,10.79,C15H24,Malus domestica ,Plant,Main,"<a href=""https://www.uniprot.org/uniprotkb/Q84LB2/entry"" target=""_blank"">Q84LB2</a>"
LL78,LT63,(-)-Acoradinene,NMR,Fgr_FgFS_(-)-acoradinene_9.78min_NMR,9.78,C15H24,Fusarium graminearum,Fungi,By,"<a href=""https://www.ncbi.nlm.nih.gov/protein/XP_011322218.1"" target=""_blank"">XP_011322218.1</a>"
LL79,LT63,Fusariumdiene,NMR,Fgr_FgFS_Fusariumdiene_10.005min_NMR,10.005,C15H24,Fusarium graminearum,Fungi,By,"<a href=""https://www.ncbi.nlm.nih.gov/protein/XP_011322218.1"" target=""_blank"">XP_011322218.1</a>"
LL80,LT63,Fusagramineol,NMR,Fgr_FgFS_Fusagramineol_11.525min_NMR,11.525,C15H26O,Fusarium graminearum,Fungi,By,"<a href=""https://www.ncbi.nlm.nih.gov/protein/XP_011322218.1"" target=""_blank"">XP_011322218.1</a>"
LL81,LT63,epi-Fusagramineol,NMR,Fgr_FgFS_epi-fusagramineol_11.885min_NMR,11.885,C15H26O,Fusarium graminearum,Fungi,Main,"<a href=""https://www.ncbi.nlm.nih.gov/protein/XP_011322218.1"" target=""_blank"">XP_011322218.1</a>"
LL82,LT63,(-)-α-Acorenol,NMR,Fgr_FgFS_(-)-α-Acorenol_12.50min_NMR,12.5,C15H26O,Fusarium graminearum,Fungi,By,"<a href=""https://www.ncbi.nlm.nih.gov/protein/XP_011322218.1"" target=""_blank"">XP_011322218.1</a>"
LL83,LT63,(+)-α-Bisabolol,NMR,Fgr_FgFS_(+)-α-bisabolol_13.005min_NMR,13.005,C15H26O,Fusarium graminearum,Fungi,By,"<a href=""https://www.ncbi.nlm.nih.gov/protein/XP_011322218.1"" target=""_blank"">XP_011322218.1</a>"
LL84,LT63,trans-Nerolidol,NMR,Fgr_FgFS_trans-nerolidol_11.485min_NMR,11.485,C15H26O,Fusarium graminearum,Fungi,By,"<a href=""https://www.ncbi.nlm.nih.gov/protein/XP_011322218.1"" target=""_blank"">XP_011322218.1</a>"
LL85,LT64,δ-Cubenol,Standard,Aae_C15-TPS73_δ-Cubenol_12.595min_standard,12.595,C15H26O,Cyclocybe aegerita,Fungi,Main,"<a href=""https://www.uniprot.org/uniprotkb/A0A5Q0QU70/entry"" target=""_blank"">A0A5Q0QU70</a>"
LL86,LT65,Germacrene D,Standard,Sit_C15-TPS77_Germacrene D_10.635min_Standard,10.635,C15H24,Setaria italica,Plant,Main,"<a href=""https://www.uniprot.org/uniprotkb/MN251695/entry"" target=""_blank"">MN251695</a>"
LL87,LT66,Germacrene-D-4-ol,Others,Sit_C15-TPS78_germacrene-D-4-ol_11.8min_others,11.8,C15H26O,Setaria italica,Plant,Main,"<a href=""https://www.uniprot.org/uniprotkb/MN251705/entry"" target=""_blank"">MN251705</a>"
LL88,LT67,5-epi-Jinkoheremol,NMR,Cro_C15-TPS79_5-epi-jinkoheremol_12.72min_NMR,12.72,C15H26O,Catharanthus roseus,Plant,Main,"<a href=""https://www.ncbi.nlm.nih.gov/protein/QHX39609.1"" target=""_blank"">QHX39609.1</a>"
LL89,LT68,Pentalenene,Standard,Sex_PentS_Pentalenene_8.825min_Standard,8.825,C15H24,Streptomyces exfoliatus,Bacterial,Main,"<a href=""https://www.uniprot.org/uniprotkb/Q55012/entry"" target=""_blank"">Q55012</a>"
LL90,LT69,β-Caryophyllene,Standard,OsaTPS02_β-caryophyllene_9.895min_Standard,9.895,C15H24,Ocimum sanctum L.,Plant,By,"<a href=""https://doi.org/10.1016/j.ymben.2021.11.005"" target=""_blank"">(Deng, Shi et al. 2022)</a>"
LL91,LT70,E-β-Farnesene,Standard,Mre_BFS_E-β-farnesene_10.14min_Standard,10.14,C15H24,Matricaria recutita,Plant,Main,"<a href=""https://www.uniprot.org/uniprotkb/AIG92847.1/entry"" target=""_blank"">AIG92847.1</a>"
LL92,LT71,Presilphiperfol-1-ene,Standard,Cgl_Cgl06493-COP_Presilphiperfol-1-ene_8.58min_Standard,8.58,C15H24,Colletotrichum gloeosporioides,Fungi,Main,"<a href=""https://www.ncbi.nlm.nih.gov/protein/XP_045269141.1(97.65%)"" target=""_blank"">XP_045269141.1(97.65%)</a>"
LL93,LT72,β-Copaene,Standard,Cpu_Copu2_β-Copaene_10min_Standard,10,C15H24,Coniophora puteana (strain RWD-64-598) ,Fungi,Main,"<a href=""https://www.ncbi.nlm.nih.gov/protein/XP_007771895.1"" target=""_blank"">XP_007771895.1</a>"
LL94,LT73,α-Santalene,Standard,Cla_SantS_α-Santalene_9.81min_Standard,9.81,C15H24,Clausena lansium ,Plant,Main,"<a href=""https://www.ncbi.nlm.nih.gov/protein/ADR71055.1"" target=""_blank"">ADR71055.1</a>"
LL95,LT74,Protoilludene,Standard,Ool_OMP7_Protoilludene_9.295min_NMR,9.295,C15H24,Omphalotus olearius,Fungi,Main,"<a href=""https://doi.org/10.1002/cbic.201500308"" target=""_blank"">(Quin, Michel et al. 2015)</a>"
LL96,LT75,Koraiol,NMR,FgJ09920_koraiol_12.385min_NMR,12.385,C15H26O,F. graminearum J1-012,Fungi,Main,"<a href=""https://www.ncbi.nlm.nih.gov/protein/KAF5245951.1"" target=""_blank"">KAF5245951.1</a>"
LL97,LT76,"Guaia-6,10(14)-diene",NMR,"FgJ02895_guaia-6,10(14)-diene_10.595min_NMR",10.595,C15H24,Fusarium graminearum,Fungi,Main,"<a href=""https://www.ncbi.nlm.nih.gov/protein/CAF3446999.1"" target=""_blank"">CAF3446999.1</a>"
LL98,LT77,(-)-δ-Cadinene,NMR,Scl_C15-TPS25_(-)-δ-Cadinene_11.085min_NMR,11.085,C15H24,Streptomyces clavuligerus,Bacterial,Main,"<a href=""https://www.uniprot.org/uniprotkb/B5GS26/entry"" target=""_blank"">B5GS26</a>"
LL99,LT78,δ-Elemene,NMR,Sly_C15-TPS39_Germacrene C_8.705min_NMR,8.705,C15H24,Solanum lycopersicum,Plant,Main,"<a href=""https://www.uniprot.org/uniprotkb/O64961/entry"" target=""_blank"">O64961</a>"
LL100,LT79,Vetispiradiene,Others,Hmu_C15-TPS68_Vetispiradiene_10.920min,10.92,C15H24,Hyoscyamus muticus,Plant,Main,"<a href=""https://www.uniprot.org/uniprotkb/Q39978/entry"" target=""_blank"">Q39978</a>"
LL101,LT80,β-elemene,Standard,Lsa_LsLTC2_germacreneA_9.430min,9.43,C15H24,Lactuca sativa,Plant,Main,"<a href=""https://www.uniprot.org/uniprotkb/Q8S3A5/entry"" target=""_blank"">Q8S3A5</a>"
LL102,LT81,5-epi-Aristolochene,Others,V5-1_5-epi-Aristolochene_10.670min_others,10.67,C15H24,Nicotiana tabacum,Plant,Main,"<a href=""https://www.uniprot.org/uniprotkb/Q40577/entry"" target=""_blank"">Q40577</a>"
LL103,LT82,Protoillud-7-ene,NMR,V5-5_Protoillud-7-ene_8.835min_NMR,8.835,C15H24,Dictyostelium discoideum,Fungi,Main,"<a href=""https://www.ncbi.nlm.nih.gov/protein/XP_638489.1"" target=""_blank"">XP_638489.1</a>"
LL104,LT83,(+)-Cyclosativene,Others,V5-7_(+)-Cyclosativene_9.185min_NIST,9.185,C15H24,Sindora glabra,Plant,By,"<a href=""https://www.uniprot.org/uniprotkb/MW345633.1/entry"" target=""_blank"">MW345633.1</a>"
LL105,LT84,(Z)-γ-Bisabolene,NMR,V5-17_(Z)-γ-Bisabolene_10.930min_NMR,10.925,C15H24,Cryptosporangium arvum,Bacterial,Main,"<a href=""https://www.ncbi.nlm.nih.gov/protein/WP_035857999.1"" target=""_blank"">WP_035857999.1</a>"
LL106,LT85,Bungoene,NMR,V5-12_Bungoene_9.920min_NMR,9.92,C15H24,Streptomyces bungoensis,Bacterial,Main,"<a href=""https://www.ncbi.nlm.nih.gov/protein/WP_061922997"" target=""_blank"">WP_061922997</a>"
LL107,LT86,(+)-β-Himachalene,NMR,V5-18_(+)-β-himachalene_10.865min_NMR,10.865,C15H24,Cryptosporangium arvum,Bacterial,Main,"<a href=""https://www.ncbi.nlm.nih.gov/protein/WP_035852539.1"" target=""_blank"">WP_035852539.1</a>"
LL108,LT87,"(4S,5S,7S)-Discoidol",NMR,"V5-19_(4S,5S,7S)-discoidol_12.715min_NMR",12.715,C15H26O,Dictyostelium discoideum,Fungi,By,"<a href=""https://www.uniprot.org/uniprotkb/Q54BE5/entry"" target=""_blank"">Q54BE5</a>"
LL109,LT88,7-epi-α-Eudesmol,NMR,V5-20_7-epi-α-eudesmol_12.815min_NMR,12.815,C15H26O,Streptomyces viridochromogenes DSM 40736,Bacterial,Main,"<a href=""https://www.ncbi.nlm.nih.gov/protein/ZP_07308339.1"" target=""_blank"">ZP_07308339.1</a>"
LL110,LT89,"(5R,6R,10S)-α-gorgonene",NMR,"V5-22_(5R,6R,10S)-α-gorgonene_10.895min_NMR",10.895,C15H24,Chamaecyparis formosensis,Plant,Main,"<a href=""https://www.ncbi.nlm.nih.gov/protein/UTN00750.1"" target=""_blank"">UTN00750.1</a>"
LL111,LT90,β-Curcumene,Others,V5-10_β-Curcumene_10.905min_NIST,10.905,C15H24,Vitis vinifera,Plant,Main,"<a href=""https://www.ncbi.nlm.nih.gov/protein/ADR74200.1"" target=""_blank"">ADR74200.1</a>"
LL112,LT91,(+)-Intermedeol,NMR,V5-15_(+)-Intermedeol_12.905min_NMR,12.905,C15H26O,Termitomyces,Fungi,Main,"<a href=""https://doi.org/10.1039/C8OB02744G"" target=""_blank"">(Burkhardt, Kreuzenbeck et al. 2019)</a>"
LL113,LT92,"Acora-4(14),8-diene",NMR,"v5-21_10.385min_acora-4(14),8-diene_NMR",10.385,C15H24,Chamaecyparis formosensis,Plant,Main,"<a href=""https://www.ncbi.nlm.nih.gov/protein/WCF44294.1"" target=""_blank"">WCF44294.1</a>"
LL114,LT93,α-Cuprenene,Standard,v5-24_10.930min_α-Cuprenene_Standard,10.93,C15H24,Coprinopsis cinerea okayama7,Fungi,Main,"<a href=""https://www.ncbi.nlm.nih.gov/protein/XP_001832549.1"" target=""_blank"">XP_001832549.1</a>"
LL115,LT94,α-Copaene,Others,V5-6_9.275min_α-Copaene_NIST,9.275,C15H24,Piper nigrum,Plant,Main,"<a href=""https://www.ncbi.nlm.nih.gov/protein/AVY53326.1"" target=""_blank"">AVY53326.1</a>"
LL116,LT95,"(1S,6S,7R)-sesquipiperitol",NMR,"v5-30_12.980min_(1S,6S,7R)-sesquipiperitol_NMR",12.98,C15H26O,Hemiptera: pentatomidae,Insect,Main,"<a href=""https://www.uniprot.org/uniprotkb/A0A343W969/entry"" target=""_blank"">A0A343W969</a>"
LL117,,(-)-α-phellandrene,Commerical standard,,4.265,C10H16,,,,
LL118,,3-Carene,Commerical standard,,4.31,C10H16,,,,
LL119,,α-Terpinene,Commerical standard,,4.39,C10H16,,,,
LL120,,Z-β-ocimene,Commerical standard,,4.54,C10H16,,,,
LL121,,(S)-Limonene,Commerical standard,,4.55,C10H16,,,,
LL122,,(D)-Limonene,Commerical standard,,4.55,C10H16,,,,
LL123,,Sabinene Hydrate,Commerical standard,,5.07,C10H18O,,,,
LL124,,Terpinolene,Commerical standard,,5.265,C10H16,,,,
LL125,,(?)-Terpinen-4-ol,Commerical standard,,6.59,C10H18O,,,,
LL126,,Nerol ,Commerical standard,,7.11,C10H18O,,,,
LL127,,α-pinene,Commerical standard,,3.445,C10H16,,,,
LL128,,β-pinene,Commerical standard,,3.94,C10H16,,,,
